,,,,,SUS,,,,,,,,,,NASA-TLX,,,,,,TiA,,,,,,,,,,,,,,,,,,
scenario_id,participant_id,category_level,expertise_level,condition,I think that I would like to use this system frequently.,I found the system unnecessarily complex.,I thought the system was easy to use.,I think that I would need the support of a technical person to be able to use this system.,I found the various functions in this system were well integrate.,I thought there was too much inconsistency in this system.,I would imagine that most people would learn to use this system very quickly.,I found the system very cumbersome to use.,I felt very confident using the system.,I needed to learn a lot of things before I could get going with this system.,"How much mental and perceptual activity was required? Was the task easy or demanding, simple or complex?","How much physical activity was required? Was the task easy or demanding, slack or strenuous?",How much time pressure did you feel due to the pace at which the tasks or task elements occurred? Was the pace slow or rapid?,How successful were you in performing the task? How satisfied were you with your performance?,How hard did you have to work (mentally and physically) to accomplish your level of performance?,"How irritated, stressed, and annoyed versus content, relaxed, and complacent did you feel during the task?",The system is capable of interpreting situations correctly.,The system state was always clear to me.,I already know similar systems.,The developers are trustworthy.,One should be careful with unfamiliar automated systems.,The system works reliably.,The system reacts unpredictably.,The developers take my well-being seriously.,I trust the system.,A system malfunction is likely.,I was able to understand why things happened.,I rather trust a system than I mistrust it.,The system is capable of taking over complicated tasks.,I can rely on the system.,The system might make sporadic errors.,It is difficult to identify what the system will do next.,I have already used similar systems.,Automated systems generally work well.,I am confident about the system's capabilities.
s01,P3,junior,novice,1,4,1,4,1,4,1,5,1,4,1,2,1,5,7,7,1,4,4,4,4,5,4,2,3,3,3,1,3,3,3,3,4,4,3,3
s01,P3,junior,novice,2,5,1,5,1,4,1,5,1,4,1,2,1,5,7,1,1,4,5,3,3,5,3,3,3,3,3,1,3,3,3,5,5,5,3,3
s02,P2,intern,novice,1,3,4,2,4,3,4,2,4,2,4,7,7,7,4,7,7,3,3,2,4,4,2,3,4,2,4,4,2,3,2,4,2,2,3,2
s02,P2,intern,novice,2,2,4,2,4,2,3,2,4,2,3,7,7,7,4,7,7,3,3,2,4,4,2,3,4,2,4,3,2,2,2,4,4,2,3,2
s03,P6,senior,expert,1,4,1,5,1,5,1,5,4,5,1,1,1,1,10,1,1,4,4,5,4,1,4,1,5,4,1,5,5,4,4,3,2,5,5,5
s03,P6,senior,expert,2,1,5,1,5,1,5,1,3,1,5,1,1,5,1,8,8,1,1,1,1,5,1,5,4,1,5,3,5,5,1,5,5,1,3,1
s04,P4,senior,expert,2,1,5,1,5,1,5,1,3,1,5,1,1,5,1,8,8,1,1,1,1,5,1,5,4,1,5,3,5,5,1,5,5,1,3,1
s04,P4,senior,expert,1,5,1,5,1,5,2,5,1,5,1,3,1,1,8,8,1,3,3,5,5,5,3,1,5,3,2,5,3,3,3,5,1,4,3,3
s05,P7,senior,expert,1,3,3,4,3,4,4,4,2,4,1,3,3,3,9,1,2,3,3,4,2,4,2,4,4,3,4,4,4,3,3,4,4,1,3,3
s05,P7,senior,expert,2,4,2,4,3,4,3,3,2,3,2,3,3,3,8,3,4,3,4,2,3,4,3,4,4,2,4,4,4,3,3,4,2,2,3,2
s06,P8,senior,expert,2,5,1,3,2,4,2,4,1,4,4,3,3,7,8,5,8,4,4,5,4,3,4,3,5,4,1,4,3,4,4,5,1,5,4,4
s06,P8,senior,expert,1,5,1,5,2,3,2,4,3,4,3,8,8,8,8,5,2,4,4,5,4,4,4,1,5,4,1,4,4,4,4,2,2,5,4,4
s07,P9,intern,novice,1,5,1,4,2,3,3,5,4,3,2,6,6,6,5,3,8,4,3,2,3,5,3,2,3,3,2,2,3,3,3,5,3,4,4,4
s07,P9,intern,novice,2,5,2,5,2,4,3,5,2,4,2,4,5,7,6,4,7,4,4,4,3,5,4,2,3,3,3,4,3,2,3,5,4,4,4,4
s08,P10,intern,novice,2,3,2,5,2,4,2,5,3,3,1,6,1,3,4,5,6,4,5,5,3,5,3,3,3,3,3,3,3,3,3,4,2,4,2,3
s08,P10,intern,novice,1,3,2,2,2,3,2,5,3,3,2,7,2,4,5,6,7,4,5,5,3,3,3,3,3,3,3,3,3,3,3,3,3,5,3,3