case_id,uta11_patient_id,rates_record,rates_field,birads_assistant,rates_dataset_commit,dicom_study_folder,dicom_dataset_commit,modalities_in_dicomdir
c01,b0337258-5312-4bbf-8eba-91f12935a53c,dataset/b0337258-5312-4bbf-8eba-91f12935a53c.json,biradsAssis,1,94ae94bd9502adb16f644f900b95feea313f2cd1,dataset/00378d36-1798bf0e-f78e72b8-726cf0da-f229e157,34b25eca2a6827bf4a306aa023821d31bb61a0c2,MG;US
c02,e1f2962b-4755-4043-ba82-58a6d4041f9a,dataset/e1f2962b-4755-4043-ba82-58a6d4041f9a.json,biradsAssis,1,94ae94bd9502adb16f644f900b95feea313f2cd1,dataset/5cd68aef-6c7fb7db-a66fea08-2c2f866d-3d3f643b,34b25eca2a6827bf4a306aa023821d31bb61a0c2,MG;US
c03,146a3076-4c8b-43ce-a834-042c04236cf2,dataset/146a3076-4c8b-43ce-a834-042c04236cf2.json,biradsAssis,2,94ae94bd9502adb16f644f900b95feea313f2cd1,dataset/37e61ee9-3ee61045-109085b8-e69ff2a5-ea195017,34b25eca2a6827bf4a306aa023821d31bb61a0c2,MG;US;MR
c04,6e4da81a-7e91-4c09-9bd0-3fd4f24245e1,dataset/6e4da81a-7e91-4c09-9bd0-3fd4f24245e1.json,biradsAssis,2,94ae94bd9502adb16f644f900b95feea313f2cd1,dataset/0f72b4aa-92c585f9-04b5bf37-e174c9b6-76232db2,34b25eca2a6827bf4a306aa023821d31bb61a0c2,MG;US;MR
c05,ce0a4656-c0e9-46a6-b772-68341124e91f,dataset/ce0a4656-c0e9-46a6-b772-68341124e91f.json,biradsAssis,2,94ae94bd9502adb16f644f900b95feea313f2cd1,dataset/81bbafc2-4ef993f3-be5bc0df-a4a996a4-30736af2,34b25eca2a6827bf4a306aa023821d31bb61a0c2,MG;US
c06,be67e550-43eb-4739-83c7-5424db13c271,dataset/be67e550-43eb-4739-83c7-5424db13c271.json,biradsAssis,3,94ae94bd9502adb16f644f900b95feea313f2cd1,dataset/34123afd-908d5f07-4de126bb-befe0ca0-a11fc266,34b25eca2a6827bf4a306aa023821d31bb61a0c2,MG;US;MR
c07,00c862f7-f081-41a3-85ba-daf14328b0a9,dataset/00c862f7-f081-41a3-85ba-daf14328b0a9.json,biradsAssis,4,94ae94bd9502adb16f644f900b95feea313f2cd1,dataset/3a7ea86f-b6d910cf-15c6e756-5f9f5e5a-45eb85b6,34b25eca2a6827bf4a306aa023821d31bb61a0c2,MG;MR
c08,4ba9eb9a-65bc-4339-a77e-f3e799222123,dataset/4ba9eb9a-65bc-4339-a77e-f3e799222123.json,biradsAssis,4,94ae94bd9502adb16f644f900b95feea313f2cd1,dataset/77ebfc6f-7b5bdb46-b6cc7814-f40b57d1-3c9e4b9b,34b25eca2a6827bf4a306aa023821d31bb61a0c2,MG;US;MR
c09,491536cb-1669-4de8-8d8b-eeb2ff0253dc,dataset/491536cb-1669-4de8-8d8b-eeb2ff0253dc.json,biradsAssis,5,94ae94bd9502adb16f644f900b95feea313f2cd1,dataset/313efebf-7bbb467c-f9dafd58-362198c1-5c748324,34b25eca2a6827bf4a306aa023821d31bb61a0c2,MG;US;MR
c10,f29951b8-d84e-4c91-9558-303671914195,dataset/f29951b8-d84e-4c91-9558-303671914195.json,biradsAssis,5,94ae94bd9502adb16f644f900b95feea313f2cd1,dataset/d9e7d915-d2240b28-b1493376-bc290187-c05c5e8b,34b25eca2a6827bf4a306aa023821d31bb61a0c2,MG;US;MR
