scenario_id,participant_id,category_level,expertise_level,condition,case_id,time_on_task,birads_assistant,birads_radiologist
s01,P3,junior,novice,1,c01,0:02:40,1,2
s01,P3,junior,novice,1,c03,0:05:25,2,3
s01,P3,junior,novice,1,c06,0:02:33,3,2
s01,P3,junior,novice,2,c08,0:02:00,4,4
s01,P3,junior,novice,2,c01,0:00:48,1,2
s01,P3,junior,novice,2,c06,0:00:42,3,2
s02,P2,intern,novice,1,c02,0:01:52,1,3
s02,P2,intern,novice,1,c04,0:03:59,2,5
s02,P2,intern,novice,1,c07,0:02:33,4,4
s02,P2,intern,novice,2,c02,0:01:04,1,2
s02,P2,intern,novice,2,c09,0:01:19,5,5
s02,P2,intern,novice,2,c07,0:01:17,4,5
s03,P6,senior,expert,1,c01,0:01:26,1,3
s03,P6,senior,expert,1,c03,0:01:33,2,3
s03,P6,senior,expert,1,c06,0:04:24,3,3
s03,P6,senior,expert,2,c08,0:02:41,4,3
s03,P6,senior,expert,2,c10,0:02:51,5,3
s03,P6,senior,expert,2,c03,0:01:25,2,2
s04,P4,senior,expert,2,c02,0:02:49,1,0
s04,P4,senior,expert,2,c04,0:02:44,2,3
s04,P4,senior,expert,2,c07,0:03:35,4,0
s04,P4,senior,expert,1,c09,0:00:45,5,5
s04,P4,senior,expert,1,c06,0:02:02,3,3
s04,P4,senior,expert,1,c04,0:00:29,2,2
s05,P7,senior,expert,1,c03,0:02:46,2,2
s05,P7,senior,expert,1,c05,0:01:28,2,2
s05,P7,senior,expert,1,c08,0:02:29,4,4
s05,P7,senior,expert,2,c10,0:04:24,5,0
s05,P7,senior,expert,2,c07,0:01:38,4,5
s05,P7,senior,expert,2,c05,0:01:05,2,2
s06,P8,senior,expert,2,c04,0:02:56,2,4
s06,P8,senior,expert,2,c01,0:01:04,1,2
s06,P8,senior,expert,2,c09,0:00:46,5,5
s06,P8,senior,expert,1,c06,0:02:04,3,4
s06,P8,senior,expert,1,c08,0:00:45,4,4
s06,P8,senior,expert,1,c01,0:00:28,1,2
s07,P9,intern,novice,1,c05,0:01:40,2,2
s07,P9,intern,novice,1,c02,0:02:19,1,1
s07,P9,intern,novice,1,c10,0:03:07,5,5
s07,P9,intern,novice,2,c07,0:03:41,4,4
s07,P9,intern,novice,2,c09,0:03:24,5,5
s07,P9,intern,novice,2,c02,0:02:34,1,1
s08,P10,intern,novice,2,c08,0:03:25,4,5
s08,P10,intern,novice,2,c10,0:02:17,5,5
s08,P10,intern,novice,2,c03,0:04:07,2,2
s08,P10,intern,novice,1,c01,0:01:33,1,1
s08,P10,intern,novice,1,c03,0:03:29,2,2
s08,P10,intern,novice,1,c06,0:02:13,3,3